{
  "row_coordinates": {
    "0": 0.0,
    "BOUNDARY_925.6371636171406": 300.0
  },
  "column_coordinates": {
    "0": 0.0,
    "BOUNDARY_1787.971342025363": 300.0
  }
}