{
  "grid_points": {
    "R0_C0": {
      "x": 0.0,
      "y": 0.0,
      "row_id": 0,
      "col_id": 0
    },
    "R0_CBOUNDARY_1787.971342025363": {
      "x": 300.0,
      "y": 0.0,
      "row_id": 0,
      "col_id": "BOUNDARY_1787.971342025363"
    },
    "RBOUNDARY_925.6371636171406_C0": {
      "x": 0.0,
      "y": 300.0,
      "row_id": "BOUNDARY_925.6371636171406",
      "col_id": 0
    },
    "RBOUNDARY_925.6371636171406_CBOUNDARY_1787.971342025363": {
      "x": 300.0,
      "y": 300.0,
      "row_id": "BOUNDARY_925.6371636171406",
      "col_id": "BOUNDARY_1787.971342025363"
    }
  }
}